image,N,psnr,mse,values,model_KiB,H,W,steps,lr,seed
coffee,256,26.544736647562793,0.0022157784551382065,2304,9.0,128,128,2000,0.01,0
coffee,1024,31.926644568194305,0.0006417051772587001,9216,36.0,128,128,2000,0.01,0
coffee,4096,38.539152456217224,0.00013998604845255613,36864,144.0,128,128,2000,0.01,0
astronaut,256,21.380724015223148,0.007276584859937429,2304,9.0,128,128,2000,0.01,0
astronaut,1024,27.1749923961581,0.0019164644181728363,9216,36.0,128,128,2000,0.01,0
astronaut,4096,37.300493292345124,0.0001861875643953681,36864,144.0,128,128,2000,0.01,0
cat,256,27.51312310478672,0.001772914081811905,2304,9.0,128,128,2000,0.01,0
cat,1024,31.62503245471875,0.0006878547719679773,9216,36.0,128,128,2000,0.01,0
cat,4096,41.21202881646076,7.564794213976711e-05,36864,144.0,128,128,2000,0.01,0
