view,mse,psnr
train/000.png,0.0074958945624530315,21.251765308805343
train/001.png,0.008493485860526562,20.709140318659767
train/002.png,0.009195582009851933,20.364207780443987
train/003.png,0.009545191191136837,20.20215368221165
train/004.png,0.008595487102866173,20.657295069824357
train/005.png,0.01106332428753376,19.561143574067902
train/006.png,0.007390688639134169,21.313150936427526
train/007.png,0.005467804614454508,22.62187012827757
train/008.png,0.008303106762468815,20.8075937782371
train/009.png,0.007456865627318621,21.274436828232332
train/010.png,0.011162517592310905,19.522378436476274
train/011.png,0.007803570479154587,21.0770664287396
train/012.png,0.004944671876728535,23.05862522439749
train/013.png,0.005669235717505217,22.46475485382717
train/014.png,0.006644572596997023,21.775329492186835
train/015.png,0.005164055153727531,22.87009127979666
train/016.png,0.00455284770578146,23.417168767387984
train/017.png,0.004803522489964962,23.184401716023068
train/018.png,0.005387596320360899,22.68604952371389
train/019.png,0.006168183404952288,22.09842721439827
train/020.png,0.004430300556123257,23.5356680979542
train/021.png,0.004888476338237524,23.108264825959274
train/022.png,0.0038176369853317738,24.18205370537075
train/023.png,0.005272024776786566,22.780225573676883
train/024.png,0.003921897616237402,24.065037480684175
train/025.png,0.00553220696747303,22.571015807047928
train/026.png,0.008582455106079578,20.6638845964505
train/027.png,0.004742891527712345,23.239568077653047
train/028.png,0.0067246644757688046,21.72329379720695
train/029.png,0.005416213534772396,22.66304221881029
train/030.png,0.00706293061375618,21.51015060237694
train/031.png,0.00591086084023118,22.283492651530793
train/032.png,0.005562756676226854,22.547099363710785
train/033.png,0.005015800707042217,22.99659727670025
train/034.png,0.005041541997343302,22.974366106748846
train/035.png,0.0044947462156414986,23.472948245665695
train/036.png,0.004963799379765987,23.041857795547106
train/037.png,0.00706211244687438,21.510653716400615
train/038.png,0.006534342188388109,21.847981262674587
train/039.png,0.00698896124958992,21.555873674723657
train/040.png,0.005669617559760809,22.46446235161276
train/041.png,0.005892036482691765,22.29734572728479
train/042.png,0.004210246726870537,23.756924531005048
train/043.png,0.0041235703974962234,23.84726586772446
